,ES0691A,ES1396A,ES1438A,ES1480A,ES1679A,ES1856A,ES1992A,date
0,0.0,0.0,0.0,0.0,0.0,0.0,0.0,2013-01-01
1,0.0,0.0,0.0,0.0,0.0,0.0,1.0,2013-01-02
2,1.0,0.0,0.0,1.0,0.0,1.0,1.0,2013-01-03
3,0.0,0.0,1.0,0.0,1.0,1.0,1.0,2013-01-04
4,0.0,0.0,1.0,0.0,1.0,1.0,1.0,2013-01-05
5,0.0,0.0,0.0,1.0,0.0,0.0,1.0,2013-01-06
6,0.0,1.0,1.0,0.0,1.0,1.0,1.0,2013-01-07
7,0.0,1.0,0.0,1.0,1.0,1.0,1.0,2013-01-08
8,0.0,0.0,0.0,0.0,0.0,0.0,1.0,2013-01-09
9,0.0,0.0,0.0,1.0,1.0,1.0,1.0,2013-01-10
10,0.0,0.0,0.0,0.0,1.0,0.0,1.0,2013-01-11
11,0.0,0.0,0.0,1.0,0.0,0.0,0.0,2013-01-12
12,0.0,0.0,0.0,0.0,0.0,0.0,0.0,2013-01-13
13,0.0,0.0,0.0,0.0,0.0,0.0,0.0,2013-01-14
14,0.0,0.0,0.0,0.0,0.0,0.0,0.0,2013-01-15
15,0.0,0.0,0.0,1.0,0.0,1.0,1.0,2013-01-16
16,0.0,0.0,0.0,0.0,0.0,0.0,1.0,2013-01-17
17,0.0,0.0,0.0,0.0,0.0,0.0,0.0,2013-01-18
18,0.0,0.0,0.0,0.0,0.0,0.0,1.0,2013-01-19
19,0.0,0.0,0.0,0.0,0.0,0.0,0.0,2013-01-20
20,0.0,0.0,0.0,0.0,0.0,0.0,1.0,2013-01-21
21,0.0,0.0,0.0,0.0,0.0,0.0,0.0,2013-01-22
22,0.0,0.0,0.0,0.0,0.0,0.0,0.0,2013-01-23
23,0.0,0.0,0.0,0.0,0.0,1.0,1.0,2013-01-24
24,0.0,0.0,0.0,0.0,0.0,1.0,0.0,2013-01-25
25,0.0,0.0,0.0,0.0,0.0,0.0,1.0,2013-01-26
26,0.0,0.0,0.0,1.0,0.0,0.0,0.0,2013-01-27
27,0.0,0.0,0.0,0.0,0.0,0.0,0.0,2013-01-28
28,0.0,0.0,0.0,0.0,0.0,0.0,0.0,2013-01-29
29,1.0,0.0,1.0,1.0,1.0,1.0,1.0,2013-01-30
30,0.0,0.0,0.0,1.0,1.0,1.0,1.0,2013-01-31
31,0.0,0.0,0.0,0.0,0.0,0.0,1.0,2013-02-01
32,0.0,0.0,0.0,0.0,0.0,0.0,0.0,2013-02-02
33,0.0,0.0,0.0,0.0,0.0,0.0,0.0,2013-02-03
34,0.0,0.0,0.0,1.0,1.0,1.0,1.0,2013-02-04
35,0.0,0.0,0.0,0.0,0.0,0.0,1.0,2013-02-05
36,0.0,0.0,0.0,0.0,0.0,0.0,0.0,2013-02-06
37,0.0,0.0,0.0,0.0,0.0,0.0,0.0,2013-02-07
38,0.0,0.0,0.0,0.0,0.0,0.0,0.0,2013-02-08
39,1.0,0.0,0.0,1.0,0.0,1.0,1.0,2013-02-09
40,0.0,0.0,0.0,0.0,0.0,0.0,0.0,2013-02-10
41,0.0,0.0,0.0,0.0,0.0,0.0,0.0,2013-02-11
42,0.0,0.0,0.0,0.0,0.0,0.0,0.0,2013-02-12
43,1.0,1.0,0.0,1.0,0.0,1.0,1.0,2013-02-13
44,0.0,0.0,0.0,0.0,0.0,0.0,1.0,2013-02-14
45,0.0,0.0,0.0,0.0,0.0,0.0,1.0,2013-02-15
46,0.0,0.0,0.0,0.0,0.0,0.0,0.0,2013-02-16
47,0.0,0.0,0.0,0.0,0.0,0.0,0.0,2013-02-17
48,0.0,0.0,0.0,0.0,0.0,0.0,1.0,2013-02-18
49,0.0,1.0,0.0,1.0,1.0,1.0,1.0,2013-02-19
50,1.0,1.0,1.0,1.0,1.0,1.0,1.0,2013-02-20
51,0.0,0.0,0.0,0.0,1.0,1.0,1.0,2013-02-21
52,0.0,0.0,0.0,0.0,0.0,0.0,1.0,2013-02-22
53,0.0,0.0,0.0,0.0,0.0,0.0,0.0,2013-02-23
54,0.0,0.0,0.0,0.0,0.0,0.0,0.0,2013-02-24
55,0.0,0.0,0.0,1.0,0.0,1.0,1.0,2013-02-25
56,0.0,0.0,0.0,1.0,0.0,1.0,1.0,2013-02-26
57,0.0,1.0,0.0,1.0,1.0,1.0,1.0,2013-02-27
58,0.0,0.0,0.0,0.0,0.0,0.0,1.0,2013-02-28
59,1.0,0.0,0.0,0.0,1.0,1.0,1.0,2013-03-01
60,1.0,1.0,1.0,1.0,1.0,1.0,1.0,2013-03-02
61,1.0,1.0,1.0,1.0,1.0,1.0,1.0,2013-03-03
62,1.0,0.0,1.0,0.0,1.0,1.0,1.0,2013-03-04
63,0.0,0.0,0.0,0.0,0.0,0.0,0.0,2013-03-05
64,1.0,0.0,0.0,1.0,1.0,1.0,1.0,2013-03-06
65,0.0,0.0,0.0,1.0,1.0,1.0,1.0,2013-03-07
66,1.0,0.0,0.0,1.0,1.0,1.0,1.0,2013-03-08
67,1.0,0.0,0.0,1.0,0.0,1.0,0.0,2013-03-09
68,0.0,0.0,0.0,0.0,0.0,0.0,0.0,2013-03-10
69,0.0,0.0,0.0,0.0,0.0,0.0,0.0,2013-03-11
70,0.0,0.0,0.0,0.0,0.0,0.0,0.0,2013-03-12
71,0.0,0.0,0.0,0.0,0.0,0.0,1.0,2013-03-13
72,0.0,0.0,0.0,0.0,0.0,0.0,1.0,2013-03-14
73,1.0,1.0,1.0,1.0,0.0,1.0,1.0,2013-03-15
74,0.0,0.0,1.0,0.0,0.0,1.0,1.0,2013-03-16
75,0.0,0.0,0.0,0.0,0.0,0.0,0.0,2013-03-17
76,0.0,0.0,0.0,0.0,0.0,0.0,0.0,2013-03-18
77,0.0,1.0,0.0,1.0,0.0,1.0,1.0,2013-03-19
78,0.0,0.0,0.0,0.0,0.0,0.0,1.0,2013-03-20
79,0.0,1.0,0.0,0.0,0.0,1.0,1.0,2013-03-21
80,0.0,1.0,0.0,0.0,0.0,1.0,0.0,2013-03-22
81,0.0,0.0,0.0,0.0,0.0,0.0,0.0,2013-03-23
82,0.0,0.0,0.0,0.0,0.0,0.0,0.0,2013-03-24
83,0.0,0.0,0.0,0.0,0.0,0.0,0.0,2013-03-25
84,0.0,0.0,0.0,0.0,0.0,0.0,0.0,2013-03-26
85,0.0,0.0,0.0,0.0,0.0,0.0,0.0,2013-03-27
86,0.0,0.0,0.0,0.0,0.0,0.0,0.0,2013-03-28
87,0.0,0.0,0.0,0.0,0.0,0.0,0.0,2013-03-29
88,0.0,0.0,0.0,0.0,0.0,0.0,0.0,2013-03-30
89,0.0,0.0,0.0,0.0,0.0,0.0,0.0,2013-03-31
90,0.0,0.0,0.0,0.0,0.0,0.0,0.0,2013-04-01
91,0.0,0.0,0.0,0.0,0.0,0.0,0.0,2013-04-02
92,0.0,0.0,0.0,0.0,1.0,1.0,1.0,2013-04-03
93,0.0,0.0,0.0,0.0,0.0,0.0,1.0,2013-04-04
94,0.0,0.0,0.0,0.0,0.0,0.0,1.0,2013-04-05
95,0.0,0.0,0.0,0.0,0.0,0.0,0.0,2013-04-06
96,0.0,0.0,0.0,0.0,0.0,0.0,0.0,2013-04-07
97,1.0,0.0,0.0,1.0,1.0,1.0,1.0,2013-04-08
98,1.0,0.0,1.0,0.0,0.0,1.0,1.0,2013-04-09
99,0.0,1.0,0.0,0.0,0.0,0.0,1.0,2013-04-10
100,0.0,0.0,0.0,0.0,0.0,1.0,1.0,2013-04-11
101,0.0,0.0,0.0,0.0,0.0,0.0,1.0,2013-04-12
102,0.0,0.0,0.0,0.0,0.0,1.0,0.0,2013-04-13
103,0.0,0.0,0.0,1.0,0.0,1.0,0.0,2013-04-14
104,1.0,1.0,1.0,1.0,1.0,1.0,1.0,2013-04-15
105,0.0,1.0,0.0,1.0,1.0,1.0,1.0,2013-04-16
106,1.0,1.0,1.0,1.0,1.0,1.0,1.0,2013-04-17
107,0.0,1.0,0.0,1.0,1.0,1.0,0.0,2013-04-18
108,0.0,1.0,0.0,1.0,0.0,1.0,0.0,2013-04-19
109,0.0,0.0,0.0,0.0,0.0,0.0,0.0,2013-04-20
110,0.0,0.0,0.0,0.0,0.0,0.0,0.0,2013-04-21
111,0.0,0.0,0.0,0.0,0.0,0.0,0.0,2013-04-22
112,0.0,0.0,0.0,0.0,0.0,0.0,1.0,2013-04-23
113,0.0,0.0,0.0,0.0,0.0,0.0,1.0,2013-04-24
114,0.0,0.0,0.0,0.0,0.0,0.0,1.0,2013-04-25
115,0.0,0.0,0.0,0.0,0.0,0.0,1.0,2013-04-26
116,0.0,0.0,0.0,0.0,0.0,0.0,0.0,2013-04-27
117,0.0,0.0,0.0,0.0,0.0,0.0,1.0,2013-04-28
118,0.0,0.0,0.0,0.0,0.0,0.0,1.0,2013-04-29
119,0.0,0.0,0.0,0.0,0.0,0.0,0.0,2013-04-30
120,0.0,0.0,0.0,1.0,0.0,0.0,0.0,2013-05-01
121,0.0,0.0,0.0,0.0,0.0,1.0,1.0,2013-05-02
122,0.0,0.0,0.0,0.0,0.0,0.0,0.0,2013-05-03
123,0.0,0.0,0.0,0.0,0.0,0.0,0.0,2013-05-04
124,0.0,0.0,0.0,0.0,0.0,0.0,1.0,2013-05-05
125,0.0,0.0,1.0,1.0,0.0,1.0,1.0,2013-05-06
126,1.0,0.0,1.0,0.0,0.0,1.0,1.0,2013-05-07
127,0.0,1.0,0.0,1.0,1.0,1.0,1.0,2013-05-08
128,0.0,0.0,0.0,0.0,0.0,1.0,1.0,2013-05-09
129,0.0,0.0,0.0,0.0,0.0,0.0,0.0,2013-05-10
130,0.0,0.0,0.0,0.0,0.0,0.0,0.0,2013-05-11
131,0.0,0.0,0.0,0.0,0.0,0.0,0.0,2013-05-12
132,0.0,0.0,0.0,0.0,0.0,0.0,0.0,2013-05-13
133,0.0,0.0,0.0,0.0,0.0,1.0,1.0,2013-05-14
134,0.0,0.0,0.0,0.0,0.0,0.0,0.0,2013-05-15
135,0.0,0.0,0.0,0.0,0.0,0.0,0.0,2013-05-16
136,0.0,0.0,0.0,0.0,0.0,1.0,1.0,2013-05-17
137,0.0,0.0,0.0,0.0,0.0,0.0,0.0,2013-05-18
138,0.0,0.0,0.0,0.0,0.0,0.0,0.0,2013-05-19
139,0.0,0.0,0.0,0.0,0.0,0.0,0.0,2013-05-20
140,0.0,0.0,0.0,0.0,0.0,0.0,1.0,2013-05-21
141,0.0,0.0,0.0,0.0,0.0,0.0,0.0,2013-05-22
142,0.0,0.0,0.0,0.0,0.0,0.0,0.0,2013-05-23
143,0.0,0.0,0.0,0.0,0.0,0.0,0.0,2013-05-24
144,0.0,0.0,0.0,0.0,0.0,0.0,0.0,2013-05-25
145,0.0,0.0,0.0,0.0,0.0,0.0,0.0,2013-05-26
146,0.0,0.0,0.0,0.0,0.0,0.0,0.0,2013-05-27
147,0.0,0.0,0.0,0.0,0.0,0.0,0.0,2013-05-28
148,0.0,0.0,0.0,0.0,0.0,0.0,0.0,2013-05-29
149,0.0,0.0,0.0,0.0,0.0,0.0,0.0,2013-05-30
150,0.0,0.0,0.0,0.0,0.0,0.0,1.0,2013-05-31
151,0.0,0.0,0.0,0.0,0.0,1.0,1.0,2013-06-01
152,0.0,0.0,0.0,0.0,0.0,0.0,0.0,2013-06-02
153,0.0,0.0,0.0,0.0,0.0,0.0,0.0,2013-06-03
154,0.0,0.0,0.0,0.0,0.0,1.0,1.0,2013-06-04
155,0.0,0.0,0.0,1.0,0.0,1.0,1.0,2013-06-05
156,0.0,0.0,0.0,1.0,0.0,1.0,1.0,2013-06-06
157,0.0,0.0,0.0,1.0,0.0,1.0,1.0,2013-06-07
158,0.0,0.0,0.0,0.0,0.0,0.0,0.0,2013-06-08
159,0.0,0.0,0.0,0.0,0.0,0.0,0.0,2013-06-09
160,0.0,0.0,0.0,0.0,0.0,0.0,0.0,2013-06-10
161,0.0,0.0,0.0,1.0,0.0,1.0,1.0,2013-06-11
162,0.0,0.0,1.0,1.0,0.0,1.0,1.0,2013-06-12
163,1.0,1.0,0.0,1.0,0.0,1.0,1.0,2013-06-13
164,0.0,0.0,0.0,0.0,0.0,1.0,1.0,2013-06-14
165,0.0,0.0,0.0,0.0,0.0,1.0,0.0,2013-06-15
166,0.0,0.0,0.0,0.0,0.0,0.0,0.0,2013-06-16
167,0.0,0.0,0.0,0.0,0.0,0.0,0.0,2013-06-17
168,0.0,0.0,0.0,0.0,0.0,0.0,0.0,2013-06-18
169,0.0,0.0,0.0,0.0,0.0,0.0,0.0,2013-06-19
170,0.0,0.0,0.0,0.0,0.0,0.0,0.0,2013-06-20
171,0.0,0.0,0.0,0.0,0.0,0.0,0.0,2013-06-21
172,0.0,0.0,0.0,0.0,0.0,0.0,0.0,2013-06-22
173,0.0,0.0,0.0,0.0,0.0,0.0,0.0,2013-06-23
174,0.0,0.0,0.0,0.0,0.0,0.0,0.0,2013-06-24
175,0.0,0.0,0.0,0.0,0.0,0.0,0.0,2013-06-25
176,0.0,0.0,0.0,0.0,0.0,0.0,0.0,2013-06-26
177,0.0,0.0,0.0,0.0,0.0,1.0,0.0,2013-06-27
178,0.0,0.0,0.0,0.0,0.0,0.0,0.0,2013-06-28
179,0.0,0.0,0.0,0.0,0.0,0.0,0.0,2013-06-29
180,0.0,0.0,0.0,0.0,0.0,0.0,0.0,2013-06-30
181,0.0,0.0,0.0,1.0,0.0,0.0,1.0,2013-07-01
182,0.0,0.0,0.0,0.0,0.0,0.0,0.0,2013-07-02
183,0.0,0.0,0.0,0.0,0.0,0.0,0.0,2013-07-03
184,0.0,0.0,0.0,0.0,0.0,0.0,0.0,2013-07-04
185,0.0,0.0,0.0,0.0,0.0,1.0,1.0,2013-07-05
186,0.0,0.0,0.0,0.0,0.0,0.0,0.0,2013-07-06
187,1.0,0.0,0.0,0.0,0.0,1.0,1.0,2013-07-07
188,0.0,0.0,0.0,1.0,0.0,1.0,1.0,2013-07-08
189,0.0,1.0,1.0,1.0,1.0,1.0,1.0,2013-07-09
190,0.0,0.0,0.0,1.0,0.0,1.0,1.0,2013-07-10
191,1.0,0.0,0.0,0.0,0.0,1.0,1.0,2013-07-11
192,0.0,0.0,0.0,1.0,0.0,1.0,1.0,2013-07-12
193,0.0,0.0,0.0,0.0,0.0,0.0,0.0,2013-07-13
194,0.0,0.0,0.0,0.0,0.0,1.0,1.0,2013-07-14
195,0.0,0.0,0.0,1.0,1.0,1.0,1.0,2013-07-15
196,0.0,0.0,0.0,0.0,0.0,1.0,1.0,2013-07-16
197,0.0,0.0,0.0,0.0,0.0,1.0,1.0,2013-07-17
198,0.0,0.0,0.0,0.0,0.0,1.0,1.0,2013-07-18
199,0.0,1.0,0.0,0.0,1.0,1.0,1.0,2013-07-19
200,0.0,0.0,0.0,0.0,0.0,0.0,0.0,2013-07-20
201,0.0,0.0,0.0,0.0,0.0,0.0,0.0,2013-07-21
202,0.0,0.0,0.0,1.0,1.0,1.0,1.0,2013-07-22
203,0.0,0.0,1.0,0.0,0.0,1.0,0.0,2013-07-23
204,0.0,0.0,0.0,0.0,0.0,1.0,1.0,2013-07-24
205,0.0,0.0,0.0,0.0,0.0,1.0,1.0,2013-07-25
206,0.0,0.0,1.0,0.0,1.0,1.0,1.0,2013-07-26
207,0.0,0.0,0.0,0.0,0.0,0.0,0.0,2013-07-27
208,0.0,0.0,0.0,0.0,0.0,0.0,0.0,2013-07-28
209,0.0,0.0,0.0,0.0,0.0,0.0,0.0,2013-07-29
210,0.0,0.0,0.0,0.0,0.0,1.0,1.0,2013-07-30
211,0.0,0.0,0.0,0.0,0.0,1.0,1.0,2013-07-31
212,0.0,1.0,0.0,1.0,0.0,1.0,1.0,2013-08-01
213,0.0,1.0,0.0,0.0,0.0,0.0,0.0,2013-08-02
214,0.0,0.0,0.0,0.0,0.0,0.0,0.0,2013-08-03
215,0.0,0.0,0.0,0.0,0.0,0.0,0.0,2013-08-04
216,0.0,0.0,0.0,0.0,0.0,0.0,1.0,2013-08-05
217,0.0,0.0,0.0,0.0,0.0,0.0,1.0,2013-08-06
218,0.0,0.0,0.0,0.0,0.0,0.0,0.0,2013-08-07
219,0.0,0.0,0.0,0.0,0.0,0.0,0.0,2013-08-08
220,0.0,0.0,0.0,0.0,0.0,1.0,0.0,2013-08-09
221,0.0,0.0,0.0,0.0,0.0,0.0,0.0,2013-08-10
222,0.0,0.0,0.0,0.0,0.0,0.0,0.0,2013-08-11
223,0.0,1.0,0.0,0.0,0.0,1.0,0.0,2013-08-12
224,0.0,0.0,0.0,0.0,0.0,0.0,0.0,2013-08-13
225,0.0,0.0,0.0,0.0,0.0,0.0,0.0,2013-08-14
226,0.0,0.0,0.0,0.0,0.0,0.0,0.0,2013-08-15
227,0.0,0.0,0.0,0.0,0.0,0.0,0.0,2013-08-16
228,0.0,0.0,0.0,0.0,0.0,0.0,0.0,2013-08-17
229,0.0,0.0,0.0,0.0,0.0,0.0,0.0,2013-08-18
230,0.0,0.0,0.0,0.0,0.0,0.0,0.0,2013-08-19
231,0.0,0.0,0.0,0.0,0.0,0.0,0.0,2013-08-20
232,0.0,0.0,0.0,0.0,0.0,0.0,0.0,2013-08-21
233,0.0,0.0,0.0,0.0,0.0,0.0,0.0,2013-08-22
234,0.0,0.0,0.0,0.0,0.0,0.0,0.0,2013-08-23
235,0.0,0.0,0.0,0.0,0.0,0.0,0.0,2013-08-24
236,0.0,0.0,0.0,0.0,0.0,0.0,0.0,2013-08-25
237,0.0,0.0,0.0,0.0,0.0,0.0,0.0,2013-08-26
238,0.0,0.0,0.0,0.0,0.0,0.0,0.0,2013-08-27
239,0.0,0.0,0.0,0.0,0.0,0.0,0.0,2013-08-28
240,0.0,0.0,0.0,0.0,0.0,1.0,1.0,2013-08-29
241,0.0,0.0,0.0,0.0,0.0,1.0,1.0,2013-08-30
242,0.0,0.0,0.0,0.0,0.0,0.0,0.0,2013-08-31
243,0.0,0.0,0.0,0.0,0.0,0.0,0.0,2013-09-01
244,1.0,0.0,0.0,0.0,0.0,1.0,1.0,2013-09-02
245,0.0,0.0,0.0,0.0,0.0,1.0,1.0,2013-09-03
246,0.0,0.0,0.0,0.0,0.0,1.0,0.0,2013-09-04
247,1.0,1.0,0.0,1.0,0.0,1.0,1.0,2013-09-05
248,0.0,0.0,0.0,0.0,0.0,0.0,0.0,2013-09-06
249,0.0,0.0,0.0,0.0,0.0,0.0,0.0,2013-09-07
250,0.0,0.0,0.0,0.0,0.0,0.0,0.0,2013-09-08
251,0.0,0.0,0.0,0.0,0.0,0.0,0.0,2013-09-09
252,0.0,0.0,0.0,0.0,0.0,1.0,0.0,2013-09-10
253,0.0,0.0,0.0,0.0,0.0,0.0,0.0,2013-09-11
254,0.0,1.0,0.0,1.0,0.0,1.0,1.0,2013-09-12
255,0.0,0.0,0.0,0.0,0.0,1.0,1.0,2013-09-13
256,0.0,0.0,0.0,0.0,0.0,0.0,0.0,2013-09-14
257,0.0,0.0,0.0,0.0,0.0,0.0,0.0,2013-09-15
258,0.0,0.0,0.0,0.0,0.0,0.0,0.0,2013-09-16
259,0.0,0.0,0.0,0.0,0.0,0.0,0.0,2013-09-17
260,0.0,0.0,0.0,0.0,0.0,0.0,1.0,2013-09-18
261,0.0,0.0,0.0,0.0,0.0,0.0,0.0,2013-09-19
262,0.0,0.0,0.0,1.0,0.0,1.0,1.0,2013-09-20
263,0.0,0.0,0.0,0.0,0.0,0.0,0.0,2013-09-21
264,0.0,0.0,0.0,0.0,0.0,0.0,0.0,2013-09-22
265,0.0,0.0,0.0,0.0,0.0,1.0,1.0,2013-09-23
266,0.0,0.0,0.0,0.0,0.0,0.0,0.0,2013-09-24
267,0.0,0.0,0.0,0.0,0.0,0.0,1.0,2013-09-25
268,0.0,0.0,0.0,0.0,0.0,0.0,0.0,2013-09-26
269,0.0,1.0,1.0,1.0,0.0,1.0,1.0,2013-09-27
270,0.0,0.0,0.0,0.0,0.0,0.0,0.0,2013-09-28
271,0.0,0.0,0.0,0.0,0.0,0.0,0.0,2013-09-29
272,0.0,0.0,0.0,0.0,0.0,1.0,0.0,2013-09-30
273,0.0,0.0,0.0,1.0,0.0,1.0,1.0,2013-10-01
274,0.0,0.0,0.0,1.0,0.0,0.0,1.0,2013-10-02
275,0.0,0.0,0.0,0.0,0.0,0.0,0.0,2013-10-03
276,0.0,0.0,0.0,0.0,0.0,0.0,0.0,2013-10-04
277,0.0,0.0,0.0,0.0,0.0,0.0,0.0,2013-10-05
278,0.0,0.0,0.0,0.0,0.0,0.0,0.0,2013-10-06
279,0.0,0.0,0.0,0.0,0.0,0.0,0.0,2013-10-07
280,0.0,0.0,0.0,0.0,0.0,0.0,1.0,2013-10-08
281,0.0,0.0,0.0,0.0,0.0,0.0,1.0,2013-10-09
282,0.0,0.0,0.0,0.0,0.0,0.0,1.0,2013-10-10
283,0.0,0.0,0.0,0.0,0.0,0.0,0.0,2013-10-11
284,0.0,0.0,0.0,0.0,0.0,0.0,0.0,2013-10-12
285,0.0,0.0,0.0,0.0,0.0,0.0,0.0,2013-10-13
286,0.0,0.0,0.0,1.0,0.0,1.0,1.0,2013-10-14
287,0.0,1.0,1.0,1.0,1.0,1.0,1.0,2013-10-15
288,0.0,0.0,0.0,0.0,0.0,1.0,1.0,2013-10-16
289,0.0,0.0,0.0,0.0,0.0,0.0,1.0,2013-10-17
290,0.0,0.0,0.0,1.0,0.0,1.0,1.0,2013-10-18
291,0.0,0.0,0.0,0.0,0.0,0.0,0.0,2013-10-19
292,0.0,0.0,0.0,0.0,0.0,0.0,0.0,2013-10-20
293,0.0,0.0,0.0,0.0,0.0,0.0,1.0,2013-10-21
294,0.0,0.0,0.0,1.0,0.0,0.0,1.0,2013-10-22
295,0.0,0.0,0.0,0.0,0.0,0.0,0.0,2013-10-23
296,0.0,1.0,0.0,1.0,1.0,1.0,1.0,2013-10-24
297,0.0,0.0,0.0,0.0,0.0,0.0,1.0,2013-10-25
298,0.0,0.0,0.0,0.0,0.0,0.0,0.0,2013-10-26
299,0.0,0.0,0.0,0.0,0.0,0.0,0.0,2013-10-27
300,0.0,1.0,0.0,1.0,0.0,1.0,1.0,2013-10-28
301,0.0,0.0,0.0,0.0,0.0,1.0,1.0,2013-10-29
302,0.0,1.0,0.0,0.0,0.0,1.0,1.0,2013-10-30
303,0.0,1.0,0.0,1.0,1.0,1.0,1.0,2013-10-31
304,0.0,0.0,0.0,0.0,0.0,0.0,1.0,2013-11-01
305,0.0,0.0,0.0,0.0,0.0,0.0,1.0,2013-11-02
306,0.0,0.0,0.0,0.0,0.0,0.0,0.0,2013-11-03
307,0.0,0.0,0.0,0.0,0.0,0.0,0.0,2013-11-04
308,0.0,0.0,0.0,1.0,0.0,1.0,1.0,2013-11-05
309,0.0,0.0,0.0,1.0,1.0,1.0,1.0,2013-11-06
310,0.0,1.0,0.0,1.0,1.0,1.0,1.0,2013-11-07
311,0.0,0.0,0.0,0.0,0.0,0.0,0.0,2013-11-08
312,0.0,0.0,0.0,0.0,0.0,0.0,0.0,2013-11-09
313,0.0,0.0,0.0,0.0,0.0,0.0,0.0,2013-11-10
314,0.0,1.0,0.0,0.0,0.0,1.0,1.0,2013-11-11
315,1.0,1.0,0.0,0.0,0.0,1.0,1.0,2013-11-12
316,0.0,0.0,0.0,0.0,0.0,1.0,1.0,2013-11-13
317,0.0,0.0,0.0,0.0,0.0,0.0,1.0,2013-11-14
318,0.0,0.0,0.0,0.0,0.0,0.0,1.0,2013-11-15
319,0.0,0.0,0.0,0.0,0.0,0.0,0.0,2013-11-16
320,0.0,0.0,0.0,0.0,0.0,0.0,0.0,2013-11-17
321,0.0,0.0,0.0,0.0,0.0,0.0,1.0,2013-11-18
322,0.0,0.0,0.0,0.0,0.0,0.0,0.0,2013-11-19
323,0.0,0.0,0.0,1.0,0.0,0.0,0.0,2013-11-20
324,0.0,0.0,0.0,0.0,0.0,0.0,0.0,2013-11-21
325,0.0,0.0,0.0,0.0,0.0,1.0,1.0,2013-11-22
326,0.0,0.0,0.0,0.0,0.0,0.0,1.0,2013-11-23
327,0.0,0.0,0.0,0.0,1.0,0.0,1.0,2013-11-24
328,0.0,0.0,0.0,0.0,0.0,0.0,1.0,2013-11-25
329,0.0,0.0,0.0,1.0,0.0,0.0,1.0,2013-11-26
330,0.0,0.0,0.0,0.0,0.0,0.0,0.0,2013-11-27
331,0.0,0.0,0.0,1.0,0.0,1.0,1.0,2013-11-28
332,0.0,0.0,0.0,0.0,0.0,1.0,1.0,2013-11-29
333,0.0,0.0,0.0,0.0,0.0,0.0,1.0,2013-11-30
334,0.0,0.0,0.0,0.0,0.0,0.0,0.0,2013-12-01
335,0.0,0.0,0.0,0.0,0.0,1.0,0.0,2013-12-02
336,1.0,1.0,1.0,1.0,1.0,1.0,1.0,2013-12-03
337,1.0,0.0,1.0,1.0,1.0,1.0,1.0,2013-12-04
338,0.0,0.0,1.0,0.0,0.0,1.0,1.0,2013-12-05
339,0.0,0.0,0.0,0.0,0.0,0.0,0.0,2013-12-06
340,1.0,1.0,0.0,0.0,1.0,1.0,1.0,2013-12-07
341,0.0,1.0,0.0,0.0,1.0,0.0,1.0,2013-12-08
342,1.0,1.0,0.0,1.0,1.0,1.0,1.0,2013-12-09
343,1.0,1.0,0.0,1.0,1.0,1.0,1.0,2013-12-10
344,1.0,0.0,0.0,1.0,1.0,1.0,1.0,2013-12-11
345,1.0,1.0,1.0,1.0,1.0,1.0,1.0,2013-12-12
346,0.0,0.0,0.0,1.0,1.0,1.0,1.0,2013-12-13
347,0.0,0.0,0.0,1.0,0.0,1.0,1.0,2013-12-14
348,1.0,0.0,0.0,0.0,0.0,0.0,1.0,2013-12-15
349,0.0,0.0,0.0,0.0,0.0,1.0,1.0,2013-12-16
350,1.0,1.0,0.0,1.0,1.0,1.0,1.0,2013-12-17
351,0.0,0.0,1.0,1.0,1.0,1.0,1.0,2013-12-18
352,0.0,0.0,0.0,1.0,0.0,1.0,0.0,2013-12-19
353,0.0,0.0,0.0,0.0,1.0,1.0,0.0,2013-12-20
354,0.0,0.0,0.0,0.0,1.0,1.0,0.0,2013-12-21
355,0.0,1.0,0.0,0.0,0.0,1.0,0.0,2013-12-22
356,0.0,0.0,0.0,1.0,0.0,1.0,0.0,2013-12-23
357,0.0,0.0,0.0,1.0,0.0,0.0,0.0,2013-12-24
358,0.0,0.0,0.0,0.0,0.0,0.0,0.0,2013-12-25
359,0.0,0.0,0.0,0.0,0.0,0.0,0.0,2013-12-26
360,0.0,0.0,0.0,0.0,0.0,1.0,0.0,2013-12-27
361,0.0,0.0,0.0,0.0,0.0,1.0,0.0,2013-12-28
362,0.0,0.0,0.0,0.0,0.0,0.0,0.0,2013-12-29
363,0.0,0.0,0.0,0.0,0.0,0.0,0.0,2013-12-30
364,0.0,0.0,0.0,0.0,0.0,1.0,0.0,2013-12-31
365,0.0,0.0,0.0,0.0,0.0,1.0,0.0,2014-01-01
366,0.0,0.0,0.0,1.0,1.0,1.0,1.0,2014-01-02
367,0.0,0.0,0.0,0.0,1.0,1.0,1.0,2014-01-03
368,0.0,0.0,0.0,0.0,0.0,0.0,0.0,2014-01-04
369,0.0,0.0,0.0,0.0,0.0,0.0,0.0,2014-01-05
370,0.0,0.0,0.0,0.0,0.0,0.0,0.0,2014-01-06
371,0.0,1.0,0.0,1.0,0.0,0.0,1.0,2014-01-07
372,0.0,1.0,0.0,1.0,0.0,1.0,0.0,2014-01-08
373,0.0,1.0,0.0,1.0,0.0,1.0,0.0,2014-01-09
374,0.0,0.0,0.0,0.0,0.0,0.0,0.0,2014-01-10
375,0.0,0.0,0.0,0.0,0.0,0.0,0.0,2014-01-11
376,0.0,0.0,0.0,0.0,0.0,0.0,0.0,2014-01-12
377,0.0,0.0,0.0,0.0,0.0,0.0,1.0,2014-01-13
378,0.0,0.0,0.0,0.0,0.0,0.0,0.0,2014-01-14
379,0.0,0.0,0.0,0.0,0.0,0.0,0.0,2014-01-15
380,0.0,0.0,0.0,0.0,0.0,0.0,0.0,2014-01-16
381,0.0,0.0,0.0,1.0,0.0,0.0,0.0,2014-01-17
382,0.0,0.0,0.0,0.0,0.0,0.0,0.0,2014-01-18
383,0.0,0.0,0.0,0.0,0.0,0.0,0.0,2014-01-19
384,0.0,0.0,0.0,0.0,0.0,0.0,0.0,2014-01-20
385,1.0,0.0,0.0,0.0,1.0,1.0,1.0,2014-01-21
386,0.0,0.0,0.0,1.0,1.0,1.0,1.0,2014-01-22
387,0.0,0.0,0.0,1.0,0.0,0.0,0.0,2014-01-23
388,0.0,0.0,0.0,0.0,0.0,0.0,0.0,2014-01-24
389,0.0,0.0,0.0,0.0,0.0,0.0,0.0,2014-01-25
390,0.0,0.0,0.0,1.0,0.0,1.0,0.0,2014-01-26
391,0.0,0.0,0.0,0.0,0.0,0.0,0.0,2014-01-27
392,0.0,0.0,0.0,0.0,0.0,0.0,0.0,2014-01-28
393,0.0,0.0,0.0,0.0,0.0,1.0,1.0,2014-01-29
394,0.0,0.0,0.0,0.0,0.0,0.0,0.0,2014-01-30
395,0.0,1.0,0.0,1.0,0.0,1.0,0.0,2014-01-31
396,0.0,0.0,0.0,0.0,0.0,1.0,1.0,2014-02-01
397,0.0,0.0,0.0,0.0,0.0,0.0,0.0,2014-02-02
398,0.0,0.0,0.0,1.0,0.0,1.0,0.0,2014-02-03
399,0.0,0.0,0.0,1.0,0.0,1.0,0.0,2014-02-04
400,0.0,0.0,0.0,0.0,0.0,0.0,0.0,2014-02-05
401,0.0,0.0,0.0,1.0,0.0,1.0,0.0,2014-02-06
402,0.0,0.0,0.0,0.0,0.0,0.0,0.0,2014-02-07
403,0.0,0.0,0.0,0.0,0.0,0.0,0.0,2014-02-08
404,0.0,0.0,0.0,0.0,0.0,0.0,0.0,2014-02-09
405,0.0,0.0,0.0,0.0,0.0,1.0,0.0,2014-02-10
406,0.0,0.0,0.0,0.0,0.0,0.0,0.0,2014-02-11
407,0.0,0.0,0.0,0.0,0.0,0.0,0.0,2014-02-12
408,0.0,0.0,0.0,1.0,0.0,1.0,0.0,2014-02-13
409,0.0,0.0,0.0,0.0,0.0,1.0,0.0,2014-02-14
410,0.0,0.0,0.0,0.0,0.0,1.0,0.0,2014-02-15
411,0.0,0.0,0.0,0.0,0.0,0.0,0.0,2014-02-16
412,0.0,0.0,0.0,1.0,0.0,1.0,0.0,2014-02-17
413,0.0,0.0,0.0,0.0,0.0,0.0,0.0,2014-02-18
414,0.0,0.0,0.0,0.0,0.0,1.0,0.0,2014-02-19
415,1.0,0.0,1.0,1.0,0.0,1.0,0.0,2014-02-20
416,0.0,0.0,0.0,0.0,0.0,1.0,0.0,2014-02-21
417,1.0,0.0,0.0,0.0,0.0,1.0,1.0,2014-02-22
418,0.0,0.0,0.0,0.0,0.0,1.0,1.0,2014-02-23
419,1.0,1.0,0.0,1.0,1.0,1.0,1.0,2014-02-24
420,0.0,0.0,0.0,0.0,0.0,1.0,0.0,2014-02-25
421,0.0,0.0,0.0,0.0,0.0,0.0,0.0,2014-02-26
422,0.0,0.0,0.0,0.0,0.0,1.0,0.0,2014-02-27
423,0.0,0.0,0.0,0.0,0.0,0.0,0.0,2014-02-28
424,0.0,0.0,0.0,0.0,0.0,0.0,0.0,2014-03-01
425,0.0,0.0,0.0,0.0,0.0,0.0,0.0,2014-03-02
426,0.0,0.0,0.0,0.0,0.0,0.0,0.0,2014-03-03
427,0.0,0.0,0.0,0.0,0.0,0.0,0.0,2014-03-04
428,0.0,0.0,0.0,0.0,0.0,0.0,1.0,2014-03-05
429,1.0,1.0,0.0,1.0,1.0,1.0,1.0,2014-03-06
430,1.0,1.0,1.0,0.0,1.0,1.0,1.0,2014-03-07
431,0.0,0.0,1.0,1.0,1.0,1.0,1.0,2014-03-08
432,0.0,0.0,1.0,1.0,0.0,0.0,0.0,2014-03-09
433,1.0,1.0,1.0,1.0,1.0,1.0,1.0,2014-03-10
434,0.0,0.0,1.0,1.0,1.0,0.0,1.0,2014-03-11
435,1.0,0.0,1.0,0.0,0.0,0.0,1.0,2014-03-12
436,0.0,0.0,0.0,0.0,0.0,0.0,1.0,2014-03-13
437,1.0,1.0,1.0,1.0,1.0,1.0,1.0,2014-03-14
438,1.0,1.0,1.0,1.0,1.0,1.0,1.0,2014-03-15
439,1.0,1.0,0.0,1.0,0.0,1.0,0.0,2014-03-16
440,1.0,1.0,1.0,1.0,1.0,1.0,1.0,2014-03-17
441,1.0,1.0,0.0,1.0,1.0,1.0,1.0,2014-03-18
442,0.0,0.0,0.0,1.0,0.0,1.0,1.0,2014-03-19
443,0.0,1.0,0.0,0.0,0.0,1.0,1.0,2014-03-20
444,0.0,0.0,0.0,1.0,0.0,1.0,0.0,2014-03-21
445,0.0,0.0,0.0,0.0,0.0,0.0,0.0,2014-03-22
446,0.0,0.0,0.0,0.0,0.0,0.0,0.0,2014-03-23
447,0.0,0.0,0.0,0.0,0.0,0.0,0.0,2014-03-24
448,0.0,0.0,0.0,0.0,0.0,0.0,0.0,2014-03-25
449,0.0,0.0,0.0,0.0,0.0,1.0,0.0,2014-03-26
450,0.0,0.0,0.0,1.0,0.0,0.0,0.0,2014-03-27
451,0.0,0.0,0.0,0.0,0.0,0.0,1.0,2014-03-28
452,0.0,0.0,0.0,0.0,0.0,0.0,0.0,2014-03-29
453,0.0,0.0,0.0,0.0,0.0,0.0,0.0,2014-03-30
454,0.0,0.0,0.0,0.0,0.0,0.0,1.0,2014-03-31
455,0.0,0.0,0.0,0.0,0.0,0.0,0.0,2014-04-01
456,0.0,0.0,0.0,0.0,0.0,0.0,1.0,2014-04-02
457,0.0,0.0,0.0,0.0,0.0,0.0,1.0,2014-04-03
458,0.0,0.0,0.0,0.0,0.0,0.0,0.0,2014-04-04
459,0.0,0.0,0.0,1.0,0.0,1.0,0.0,2014-04-05
460,0.0,0.0,0.0,0.0,0.0,0.0,0.0,2014-04-06
461,0.0,1.0,0.0,1.0,0.0,1.0,0.0,2014-04-07
462,0.0,0.0,0.0,0.0,0.0,1.0,0.0,2014-04-08
463,0.0,0.0,0.0,1.0,0.0,1.0,0.0,2014-04-09
464,0.0,0.0,0.0,1.0,0.0,1.0,1.0,2014-04-10
465,0.0,1.0,0.0,1.0,0.0,1.0,1.0,2014-04-11
466,0.0,0.0,0.0,0.0,0.0,0.0,0.0,2014-04-12
467,0.0,0.0,1.0,0.0,0.0,0.0,0.0,2014-04-13
468,0.0,0.0,0.0,1.0,0.0,1.0,1.0,2014-04-14
469,0.0,1.0,0.0,0.0,0.0,1.0,1.0,2014-04-15
470,0.0,0.0,0.0,1.0,1.0,1.0,1.0,2014-04-16
471,0.0,0.0,0.0,0.0,0.0,0.0,0.0,2014-04-17
472,0.0,0.0,0.0,0.0,0.0,0.0,0.0,2014-04-18
473,0.0,0.0,0.0,0.0,0.0,0.0,0.0,2014-04-19
474,0.0,0.0,0.0,0.0,0.0,0.0,0.0,2014-04-20
475,0.0,0.0,0.0,0.0,0.0,0.0,0.0,2014-04-21
476,0.0,0.0,0.0,0.0,0.0,0.0,1.0,2014-04-22
477,0.0,0.0,0.0,0.0,0.0,1.0,0.0,2014-04-23
478,0.0,1.0,0.0,1.0,1.0,1.0,1.0,2014-04-24
479,0.0,0.0,0.0,0.0,0.0,0.0,0.0,2014-04-25
480,0.0,0.0,0.0,0.0,0.0,0.0,0.0,2014-04-26
481,0.0,0.0,0.0,0.0,0.0,0.0,0.0,2014-04-27
482,0.0,0.0,0.0,0.0,0.0,1.0,0.0,2014-04-28
483,0.0,0.0,0.0,0.0,0.0,1.0,0.0,2014-04-29
484,0.0,0.0,0.0,0.0,0.0,0.0,0.0,2014-04-30
485,0.0,0.0,0.0,0.0,0.0,0.0,0.0,2014-05-01
486,0.0,0.0,0.0,0.0,0.0,0.0,0.0,2014-05-02
487,0.0,0.0,0.0,0.0,0.0,0.0,0.0,2014-05-03
488,0.0,0.0,0.0,0.0,0.0,0.0,0.0,2014-05-04
489,0.0,0.0,0.0,1.0,0.0,1.0,1.0,2014-05-05
490,0.0,0.0,0.0,0.0,0.0,0.0,0.0,2014-05-06
491,0.0,0.0,0.0,0.0,0.0,1.0,0.0,2014-05-07
492,1.0,0.0,0.0,0.0,0.0,0.0,0.0,2014-05-08
493,0.0,0.0,0.0,1.0,1.0,1.0,1.0,2014-05-09
494,0.0,0.0,0.0,1.0,0.0,0.0,0.0,2014-05-10
495,0.0,0.0,0.0,0.0,0.0,0.0,0.0,2014-05-11
496,0.0,0.0,0.0,0.0,0.0,0.0,0.0,2014-05-12
497,0.0,0.0,0.0,0.0,0.0,0.0,0.0,2014-05-13
498,0.0,0.0,0.0,0.0,0.0,0.0,0.0,2014-05-14
499,0.0,0.0,0.0,0.0,0.0,0.0,0.0,2014-05-15
500,0.0,0.0,0.0,0.0,0.0,0.0,0.0,2014-05-16
501,0.0,0.0,0.0,0.0,0.0,0.0,0.0,2014-05-17
502,0.0,0.0,0.0,0.0,0.0,0.0,0.0,2014-05-18
503,0.0,0.0,0.0,0.0,0.0,0.0,0.0,2014-05-19
504,0.0,0.0,0.0,0.0,0.0,0.0,0.0,2014-05-20
505,0.0,0.0,0.0,0.0,0.0,0.0,0.0,2014-05-21
506,0.0,0.0,0.0,0.0,0.0,0.0,0.0,2014-05-22
507,0.0,0.0,1.0,0.0,0.0,0.0,0.0,2014-05-23
508,0.0,0.0,0.0,0.0,0.0,0.0,0.0,2014-05-24
509,0.0,0.0,0.0,0.0,0.0,0.0,0.0,2014-05-25
510,0.0,0.0,0.0,0.0,0.0,0.0,1.0,2014-05-26
511,0.0,0.0,0.0,0.0,0.0,0.0,1.0,2014-05-27
512,0.0,0.0,0.0,0.0,0.0,1.0,1.0,2014-05-28
513,0.0,0.0,0.0,0.0,0.0,0.0,1.0,2014-05-29
514,0.0,0.0,0.0,0.0,0.0,1.0,1.0,2014-05-30
515,0.0,0.0,0.0,0.0,0.0,0.0,0.0,2014-05-31
516,0.0,0.0,0.0,0.0,0.0,0.0,0.0,2014-06-01
517,0.0,0.0,0.0,0.0,0.0,0.0,1.0,2014-06-02
518,0.0,0.0,0.0,0.0,0.0,0.0,1.0,2014-06-03
519,0.0,0.0,0.0,0.0,0.0,0.0,0.0,2014-06-04
520,0.0,0.0,0.0,0.0,0.0,0.0,0.0,2014-06-05
521,0.0,0.0,0.0,1.0,0.0,0.0,0.0,2014-06-06
522,0.0,0.0,0.0,0.0,0.0,0.0,0.0,2014-06-07
523,0.0,0.0,0.0,0.0,0.0,0.0,0.0,2014-06-08
524,0.0,0.0,0.0,1.0,1.0,1.0,1.0,2014-06-09
525,0.0,0.0,0.0,1.0,1.0,1.0,1.0,2014-06-10
526,0.0,1.0,0.0,1.0,0.0,1.0,1.0,2014-06-11
527,1.0,1.0,1.0,1.0,1.0,1.0,1.0,2014-06-12
528,1.0,0.0,1.0,0.0,1.0,1.0,1.0,2014-06-13
529,0.0,0.0,0.0,0.0,0.0,1.0,0.0,2014-06-14
530,0.0,0.0,0.0,0.0,0.0,0.0,0.0,2014-06-15
531,0.0,0.0,0.0,0.0,0.0,0.0,0.0,2014-06-16
532,0.0,0.0,0.0,0.0,0.0,1.0,1.0,2014-06-17
533,0.0,0.0,0.0,0.0,0.0,1.0,1.0,2014-06-18
534,0.0,0.0,0.0,0.0,0.0,1.0,0.0,2014-06-19
535,0.0,0.0,0.0,0.0,0.0,1.0,1.0,2014-06-20
536,0.0,0.0,0.0,0.0,0.0,0.0,0.0,2014-06-21
537,0.0,0.0,0.0,0.0,0.0,0.0,0.0,2014-06-22
538,0.0,0.0,0.0,0.0,0.0,0.0,0.0,2014-06-23
539,0.0,0.0,0.0,0.0,0.0,0.0,0.0,2014-06-24
540,0.0,0.0,0.0,0.0,0.0,0.0,0.0,2014-06-25
541,0.0,0.0,0.0,0.0,0.0,0.0,1.0,2014-06-26
542,0.0,0.0,0.0,0.0,0.0,0.0,0.0,2014-06-27
543,0.0,0.0,0.0,0.0,0.0,0.0,0.0,2014-06-28
544,0.0,0.0,0.0,0.0,0.0,0.0,0.0,2014-06-29
545,0.0,0.0,0.0,0.0,0.0,0.0,0.0,2014-06-30
546,0.0,0.0,0.0,0.0,0.0,0.0,0.0,2014-07-01
547,0.0,0.0,0.0,0.0,0.0,0.0,0.0,2014-07-02
548,0.0,0.0,0.0,0.0,0.0,0.0,1.0,2014-07-03
549,0.0,0.0,0.0,0.0,0.0,0.0,0.0,2014-07-04
550,0.0,0.0,0.0,0.0,0.0,0.0,0.0,2014-07-05
551,0.0,0.0,0.0,0.0,0.0,0.0,0.0,2014-07-06
552,0.0,0.0,0.0,0.0,0.0,0.0,0.0,2014-07-07
553,0.0,0.0,0.0,0.0,0.0,0.0,0.0,2014-07-08
554,0.0,0.0,0.0,0.0,0.0,0.0,0.0,2014-07-09
555,0.0,0.0,0.0,0.0,0.0,0.0,0.0,2014-07-10
556,0.0,0.0,0.0,0.0,0.0,0.0,1.0,2014-07-11
557,0.0,0.0,0.0,0.0,0.0,0.0,0.0,2014-07-12
558,0.0,0.0,0.0,0.0,0.0,0.0,0.0,2014-07-13
559,0.0,0.0,0.0,0.0,0.0,0.0,0.0,2014-07-14
560,0.0,0.0,0.0,0.0,0.0,0.0,0.0,2014-07-15
561,0.0,0.0,0.0,0.0,0.0,1.0,0.0,2014-07-16
562,0.0,0.0,0.0,0.0,0.0,1.0,1.0,2014-07-17
563,0.0,0.0,0.0,0.0,0.0,1.0,0.0,2014-07-18
564,0.0,0.0,0.0,0.0,0.0,0.0,0.0,2014-07-19
565,0.0,0.0,0.0,0.0,0.0,0.0,0.0,2014-07-20
566,0.0,0.0,0.0,0.0,0.0,0.0,0.0,2014-07-21
567,0.0,0.0,0.0,0.0,0.0,1.0,1.0,2014-07-22
568,0.0,0.0,1.0,0.0,0.0,1.0,0.0,2014-07-23
569,0.0,0.0,0.0,0.0,0.0,1.0,0.0,2014-07-24
570,0.0,0.0,0.0,0.0,0.0,1.0,1.0,2014-07-25
571,0.0,0.0,0.0,0.0,0.0,0.0,0.0,2014-07-26
572,0.0,0.0,0.0,0.0,0.0,0.0,0.0,2014-07-27
573,0.0,0.0,0.0,0.0,0.0,0.0,0.0,2014-07-28
574,0.0,0.0,0.0,0.0,0.0,0.0,0.0,2014-07-29
575,0.0,0.0,0.0,0.0,0.0,0.0,0.0,2014-07-30
576,0.0,0.0,0.0,0.0,0.0,0.0,0.0,2014-07-31
577,0.0,0.0,0.0,0.0,0.0,1.0,1.0,2014-08-01
578,0.0,0.0,0.0,0.0,0.0,0.0,0.0,2014-08-02
579,0.0,0.0,0.0,0.0,0.0,0.0,0.0,2014-08-03
580,0.0,0.0,0.0,0.0,0.0,0.0,0.0,2014-08-04
581,0.0,0.0,0.0,0.0,0.0,0.0,0.0,2014-08-05
582,0.0,0.0,0.0,0.0,0.0,0.0,0.0,2014-08-06
583,0.0,0.0,0.0,0.0,0.0,0.0,0.0,2014-08-07
584,0.0,0.0,0.0,0.0,0.0,0.0,0.0,2014-08-08
585,0.0,0.0,0.0,0.0,0.0,0.0,0.0,2014-08-09
586,0.0,0.0,0.0,0.0,0.0,0.0,0.0,2014-08-10
587,0.0,0.0,0.0,0.0,0.0,0.0,0.0,2014-08-11
588,0.0,0.0,0.0,0.0,0.0,0.0,0.0,2014-08-12
589,0.0,0.0,0.0,0.0,0.0,0.0,0.0,2014-08-13
590,0.0,0.0,0.0,0.0,0.0,0.0,0.0,2014-08-14
591,0.0,0.0,0.0,0.0,0.0,0.0,0.0,2014-08-15
592,0.0,0.0,0.0,0.0,0.0,0.0,0.0,2014-08-16
593,0.0,0.0,0.0,0.0,0.0,0.0,0.0,2014-08-17
594,0.0,0.0,0.0,0.0,0.0,0.0,0.0,2014-08-18
595,0.0,0.0,0.0,0.0,0.0,0.0,0.0,2014-08-19
596,0.0,0.0,0.0,0.0,0.0,0.0,0.0,2014-08-20
597,0.0,0.0,0.0,0.0,0.0,0.0,0.0,2014-08-21
598,0.0,0.0,0.0,0.0,0.0,0.0,0.0,2014-08-22
599,0.0,0.0,0.0,0.0,0.0,0.0,0.0,2014-08-23
600,0.0,0.0,0.0,0.0,0.0,0.0,0.0,2014-08-24
601,0.0,0.0,0.0,0.0,0.0,0.0,0.0,2014-08-25
602,0.0,0.0,0.0,0.0,0.0,0.0,0.0,2014-08-26
603,0.0,0.0,0.0,0.0,0.0,0.0,0.0,2014-08-27
604,0.0,0.0,0.0,0.0,0.0,0.0,0.0,2014-08-28
605,0.0,0.0,0.0,0.0,0.0,0.0,0.0,2014-08-29
606,0.0,0.0,0.0,0.0,0.0,0.0,0.0,2014-08-30
607,0.0,0.0,0.0,0.0,0.0,0.0,0.0,2014-08-31
608,0.0,0.0,0.0,0.0,0.0,0.0,0.0,2014-09-01
609,0.0,0.0,0.0,0.0,0.0,0.0,0.0,2014-09-02
610,0.0,0.0,0.0,0.0,0.0,0.0,0.0,2014-09-03
611,0.0,0.0,0.0,0.0,0.0,0.0,1.0,2014-09-04
612,0.0,0.0,0.0,0.0,0.0,0.0,0.0,2014-09-05
613,0.0,0.0,0.0,0.0,0.0,0.0,0.0,2014-09-06
614,0.0,0.0,0.0,0.0,0.0,0.0,0.0,2014-09-07
615,0.0,0.0,0.0,0.0,0.0,0.0,0.0,2014-09-08
616,0.0,0.0,0.0,0.0,0.0,0.0,0.0,2014-09-09
617,0.0,0.0,0.0,1.0,1.0,1.0,1.0,2014-09-10
618,0.0,0.0,0.0,0.0,0.0,0.0,0.0,2014-09-11
619,0.0,0.0,0.0,0.0,0.0,0.0,0.0,2014-09-12
620,0.0,0.0,0.0,0.0,0.0,0.0,0.0,2014-09-13
621,0.0,0.0,0.0,0.0,0.0,0.0,0.0,2014-09-14
622,0.0,0.0,0.0,0.0,0.0,0.0,0.0,2014-09-15
623,0.0,0.0,0.0,1.0,0.0,0.0,0.0,2014-09-16
624,0.0,0.0,0.0,0.0,0.0,0.0,0.0,2014-09-17
625,0.0,0.0,0.0,1.0,0.0,1.0,0.0,2014-09-18
626,0.0,0.0,0.0,0.0,0.0,0.0,0.0,2014-09-19
627,0.0,0.0,0.0,0.0,0.0,0.0,0.0,2014-09-20
628,0.0,0.0,0.0,0.0,0.0,0.0,1.0,2014-09-21
629,0.0,0.0,0.0,1.0,0.0,0.0,1.0,2014-09-22
630,0.0,0.0,0.0,0.0,0.0,0.0,0.0,2014-09-23
631,0.0,0.0,0.0,0.0,0.0,0.0,0.0,2014-09-24
632,0.0,0.0,0.0,0.0,0.0,0.0,0.0,2014-09-25
633,0.0,0.0,0.0,0.0,0.0,0.0,1.0,2014-09-26
634,0.0,0.0,0.0,0.0,0.0,0.0,0.0,2014-09-27
635,0.0,0.0,0.0,0.0,0.0,0.0,0.0,2014-09-28
636,0.0,0.0,0.0,1.0,0.0,1.0,1.0,2014-09-29
637,0.0,0.0,0.0,0.0,0.0,0.0,0.0,2014-09-30
638,0.0,0.0,0.0,0.0,0.0,1.0,1.0,2014-10-01
639,0.0,0.0,0.0,0.0,0.0,1.0,1.0,2014-10-02
640,0.0,0.0,0.0,1.0,0.0,1.0,1.0,2014-10-03
641,0.0,0.0,0.0,0.0,0.0,0.0,0.0,2014-10-04
642,0.0,0.0,0.0,0.0,0.0,0.0,0.0,2014-10-05
643,0.0,0.0,0.0,1.0,0.0,0.0,1.0,2014-10-06
644,0.0,0.0,1.0,1.0,0.0,1.0,0.0,2014-10-07
645,1.0,0.0,1.0,1.0,0.0,1.0,1.0,2014-10-08
646,0.0,0.0,1.0,0.0,0.0,0.0,1.0,2014-10-09
647,0.0,0.0,0.0,0.0,0.0,1.0,1.0,2014-10-10
648,0.0,0.0,0.0,0.0,0.0,0.0,0.0,2014-10-11
649,0.0,0.0,0.0,0.0,0.0,0.0,0.0,2014-10-12
650,0.0,0.0,0.0,0.0,0.0,0.0,0.0,2014-10-13
651,0.0,0.0,0.0,0.0,0.0,0.0,1.0,2014-10-14
652,0.0,0.0,0.0,0.0,0.0,1.0,0.0,2014-10-15
653,0.0,0.0,0.0,0.0,0.0,0.0,0.0,2014-10-16
654,0.0,1.0,0.0,1.0,0.0,1.0,0.0,2014-10-17
655,0.0,1.0,0.0,0.0,0.0,0.0,0.0,2014-10-18
656,0.0,0.0,0.0,0.0,0.0,0.0,0.0,2014-10-19
657,1.0,1.0,0.0,1.0,0.0,1.0,1.0,2014-10-20
658,0.0,1.0,1.0,1.0,0.0,1.0,1.0,2014-10-21
659,0.0,0.0,0.0,0.0,0.0,0.0,1.0,2014-10-22
660,1.0,1.0,1.0,1.0,0.0,1.0,1.0,2014-10-23
661,1.0,1.0,1.0,1.0,0.0,1.0,1.0,2014-10-24
662,0.0,1.0,0.0,0.0,0.0,1.0,1.0,2014-10-25
663,0.0,0.0,0.0,0.0,0.0,0.0,0.0,2014-10-26
664,0.0,0.0,0.0,0.0,0.0,0.0,0.0,2014-10-27
665,0.0,1.0,0.0,0.0,0.0,0.0,1.0,2014-10-28
666,1.0,1.0,0.0,1.0,0.0,1.0,0.0,2014-10-29
667,1.0,0.0,0.0,0.0,0.0,1.0,1.0,2014-10-30
668,0.0,0.0,0.0,0.0,0.0,1.0,1.0,2014-10-31
669,0.0,0.0,0.0,0.0,0.0,0.0,0.0,2014-11-01
670,0.0,0.0,0.0,0.0,0.0,0.0,0.0,2014-11-02
671,0.0,0.0,0.0,0.0,0.0,0.0,1.0,2014-11-03
672,0.0,0.0,0.0,0.0,0.0,0.0,0.0,2014-11-04
673,0.0,0.0,0.0,0.0,0.0,0.0,0.0,2014-11-05
674,0.0,0.0,0.0,0.0,0.0,0.0,0.0,2014-11-06
675,0.0,0.0,0.0,0.0,0.0,0.0,1.0,2014-11-07
676,0.0,0.0,0.0,0.0,0.0,0.0,0.0,2014-11-08
677,0.0,0.0,0.0,0.0,0.0,0.0,0.0,2014-11-09
678,0.0,0.0,0.0,0.0,0.0,0.0,0.0,2014-11-10
679,0.0,1.0,1.0,1.0,0.0,1.0,1.0,2014-11-11
680,0.0,0.0,0.0,0.0,0.0,0.0,0.0,2014-11-12
681,0.0,0.0,0.0,0.0,0.0,1.0,1.0,2014-11-13
682,1.0,1.0,1.0,1.0,0.0,1.0,1.0,2014-11-14
683,0.0,0.0,0.0,0.0,0.0,0.0,0.0,2014-11-15
684,0.0,0.0,0.0,0.0,0.0,0.0,0.0,2014-11-16
685,0.0,0.0,0.0,0.0,0.0,0.0,0.0,2014-11-17
686,0.0,0.0,0.0,0.0,0.0,0.0,0.0,2014-11-18
687,0.0,1.0,1.0,1.0,0.0,1.0,1.0,2014-11-19
688,0.0,1.0,1.0,1.0,0.0,1.0,1.0,2014-11-20
689,0.0,1.0,0.0,1.0,0.0,0.0,1.0,2014-11-21
690,0.0,0.0,0.0,0.0,0.0,0.0,0.0,2014-11-22
691,0.0,0.0,0.0,0.0,0.0,0.0,0.0,2014-11-23
692,0.0,0.0,0.0,0.0,0.0,0.0,1.0,2014-11-24
693,0.0,0.0,0.0,0.0,0.0,0.0,0.0,2014-11-25
694,0.0,0.0,0.0,0.0,0.0,0.0,0.0,2014-11-26
695,0.0,0.0,1.0,0.0,0.0,1.0,1.0,2014-11-27
696,0.0,1.0,0.0,0.0,0.0,1.0,1.0,2014-11-28
697,0.0,0.0,0.0,0.0,0.0,0.0,0.0,2014-11-29
698,0.0,0.0,0.0,0.0,0.0,0.0,0.0,2014-11-30
699,0.0,0.0,0.0,0.0,0.0,1.0,0.0,2014-12-01
700,0.0,0.0,0.0,0.0,0.0,0.0,0.0,2014-12-02
701,0.0,0.0,0.0,0.0,0.0,0.0,0.0,2014-12-03
702,0.0,0.0,0.0,0.0,0.0,0.0,0.0,2014-12-04
703,0.0,0.0,0.0,0.0,0.0,0.0,0.0,2014-12-05
704,0.0,0.0,0.0,0.0,0.0,0.0,0.0,2014-12-06
705,0.0,0.0,0.0,0.0,0.0,0.0,1.0,2014-12-07
706,0.0,0.0,0.0,0.0,0.0,0.0,0.0,2014-12-08
707,0.0,0.0,0.0,0.0,0.0,0.0,0.0,2014-12-09
708,0.0,0.0,1.0,0.0,0.0,1.0,0.0,2014-12-10
709,0.0,0.0,0.0,0.0,0.0,0.0,1.0,2014-12-11
710,1.0,0.0,0.0,0.0,0.0,0.0,1.0,2014-12-12
711,0.0,1.0,0.0,0.0,0.0,0.0,1.0,2014-12-13
712,0.0,0.0,0.0,0.0,1.0,1.0,1.0,2014-12-14
713,0.0,0.0,0.0,0.0,0.0,0.0,1.0,2014-12-15
714,0.0,0.0,0.0,0.0,0.0,0.0,0.0,2014-12-16
715,0.0,0.0,0.0,0.0,0.0,0.0,0.0,2014-12-17
716,0.0,0.0,0.0,0.0,0.0,0.0,0.0,2014-12-18
717,0.0,0.0,1.0,0.0,0.0,0.0,0.0,2014-12-19
718,0.0,0.0,0.0,0.0,0.0,0.0,0.0,2014-12-20
719,0.0,0.0,0.0,0.0,0.0,0.0,0.0,2014-12-21
720,0.0,1.0,0.0,1.0,1.0,1.0,1.0,2014-12-22
721,0.0,1.0,1.0,1.0,1.0,1.0,1.0,2014-12-23
722,0.0,0.0,0.0,0.0,1.0,1.0,1.0,2014-12-24
723,0.0,0.0,0.0,0.0,1.0,1.0,0.0,2014-12-25
724,0.0,0.0,0.0,0.0,0.0,0.0,0.0,2014-12-26
725,0.0,0.0,0.0,0.0,0.0,0.0,0.0,2014-12-27
726,0.0,0.0,0.0,0.0,0.0,0.0,0.0,2014-12-28
727,0.0,0.0,0.0,0.0,0.0,0.0,0.0,2014-12-29
728,0.0,0.0,0.0,0.0,0.0,1.0,0.0,2014-12-30
729,1.0,0.0,1.0,0.0,0.0,1.0,1.0,2014-12-31
730,0.0,0.0,0.0,0.0,0.0,0.0,1.0,2015-01-01
731,1.0,0.0,1.0,0.0,0.0,1.0,1.0,2015-01-02
732,1.0,0.0,1.0,0.0,0.0,1.0,1.0,2015-01-03
733,0.0,0.0,0.0,0.0,1.0,1.0,1.0,2015-01-04
734,0.0,0.0,0.0,1.0,1.0,1.0,1.0,2015-01-05
735,0.0,0.0,0.0,1.0,1.0,1.0,1.0,2015-01-06
736,1.0,1.0,1.0,1.0,1.0,1.0,1.0,2015-01-07
737,0.0,1.0,0.0,1.0,1.0,1.0,0.0,2015-01-08
738,0.0,1.0,0.0,1.0,1.0,1.0,0.0,2015-01-09
739,1.0,0.0,0.0,0.0,0.0,1.0,1.0,2015-01-10
740,0.0,0.0,0.0,1.0,0.0,1.0,1.0,2015-01-11
741,0.0,0.0,0.0,1.0,0.0,1.0,1.0,2015-01-12
742,0.0,1.0,1.0,1.0,0.0,1.0,1.0,2015-01-13
743,0.0,0.0,0.0,1.0,0.0,1.0,1.0,2015-01-14
744,0.0,0.0,0.0,1.0,0.0,1.0,1.0,2015-01-15
745,0.0,1.0,1.0,1.0,1.0,0.0,1.0,2015-01-16
746,0.0,0.0,0.0,0.0,0.0,0.0,0.0,2015-01-17
747,0.0,0.0,0.0,0.0,0.0,0.0,0.0,2015-01-18
748,0.0,0.0,0.0,0.0,0.0,0.0,1.0,2015-01-19
749,0.0,0.0,0.0,0.0,0.0,0.0,0.0,2015-01-20
750,0.0,0.0,0.0,0.0,0.0,0.0,0.0,2015-01-21
751,0.0,0.0,0.0,0.0,0.0,0.0,1.0,2015-01-22
752,0.0,0.0,0.0,0.0,0.0,1.0,0.0,2015-01-23
753,0.0,0.0,0.0,0.0,0.0,1.0,0.0,2015-01-24
754,0.0,0.0,0.0,0.0,0.0,0.0,0.0,2015-01-25
755,0.0,0.0,0.0,0.0,0.0,0.0,0.0,2015-01-26
756,0.0,0.0,0.0,0.0,0.0,0.0,0.0,2015-01-27
757,0.0,0.0,0.0,0.0,0.0,0.0,0.0,2015-01-28
758,0.0,0.0,0.0,0.0,0.0,0.0,0.0,2015-01-29
759,0.0,0.0,0.0,0.0,0.0,0.0,0.0,2015-01-30
760,0.0,0.0,0.0,0.0,0.0,0.0,0.0,2015-01-31
761,0.0,0.0,0.0,0.0,0.0,0.0,0.0,2015-02-01
762,0.0,0.0,0.0,0.0,0.0,0.0,0.0,2015-02-02
763,0.0,0.0,0.0,0.0,0.0,0.0,0.0,2015-02-03
764,0.0,0.0,0.0,0.0,0.0,0.0,0.0,2015-02-04
765,0.0,0.0,0.0,0.0,0.0,0.0,0.0,2015-02-05
766,0.0,0.0,0.0,0.0,0.0,0.0,0.0,2015-02-06
767,0.0,0.0,0.0,0.0,0.0,0.0,0.0,2015-02-07
768,0.0,0.0,0.0,0.0,0.0,0.0,0.0,2015-02-08
769,1.0,1.0,0.0,1.0,0.0,1.0,1.0,2015-02-09
770,1.0,1.0,1.0,1.0,1.0,1.0,1.0,2015-02-10
771,1.0,1.0,1.0,1.0,1.0,1.0,1.0,2015-02-11
772,1.0,1.0,1.0,1.0,1.0,1.0,1.0,2015-02-12
773,0.0,1.0,0.0,1.0,1.0,1.0,0.0,2015-02-13
774,0.0,1.0,0.0,1.0,1.0,1.0,0.0,2015-02-14
775,0.0,0.0,0.0,0.0,0.0,0.0,0.0,2015-02-15
776,1.0,0.0,1.0,1.0,0.0,1.0,1.0,2015-02-16
777,1.0,0.0,1.0,1.0,0.0,1.0,1.0,2015-02-17
778,0.0,1.0,0.0,0.0,0.0,0.0,0.0,2015-02-18
779,1.0,0.0,0.0,1.0,1.0,0.0,1.0,2015-02-19
780,1.0,0.0,0.0,1.0,1.0,0.0,1.0,2015-02-20
781,0.0,0.0,0.0,0.0,0.0,0.0,0.0,2015-02-21
782,1.0,0.0,1.0,0.0,0.0,1.0,1.0,2015-02-22
783,1.0,0.0,1.0,0.0,0.0,1.0,1.0,2015-02-23
784,0.0,0.0,0.0,0.0,0.0,0.0,0.0,2015-02-24
785,0.0,0.0,0.0,0.0,0.0,0.0,0.0,2015-02-25
786,0.0,0.0,0.0,0.0,0.0,0.0,0.0,2015-02-26
787,0.0,0.0,0.0,0.0,0.0,0.0,0.0,2015-02-27
788,0.0,0.0,0.0,0.0,0.0,0.0,0.0,2015-02-28
789,0.0,0.0,0.0,0.0,0.0,0.0,0.0,2015-03-01
790,0.0,0.0,0.0,0.0,0.0,0.0,0.0,2015-03-02
791,0.0,0.0,0.0,0.0,0.0,0.0,0.0,2015-03-03
792,0.0,0.0,0.0,0.0,0.0,0.0,0.0,2015-03-04
793,1.0,1.0,1.0,0.0,0.0,1.0,1.0,2015-03-05
794,0.0,0.0,1.0,1.0,0.0,0.0,1.0,2015-03-06
795,0.0,0.0,1.0,1.0,0.0,0.0,1.0,2015-03-07
796,1.0,1.0,1.0,0.0,0.0,0.0,0.0,2015-03-08
797,1.0,1.0,1.0,1.0,0.0,1.0,1.0,2015-03-09
798,1.0,1.0,1.0,1.0,0.0,1.0,1.0,2015-03-10
799,1.0,1.0,1.0,1.0,1.0,1.0,1.0,2015-03-11
800,1.0,0.0,1.0,1.0,1.0,1.0,1.0,2015-03-12
801,1.0,0.0,1.0,1.0,1.0,1.0,1.0,2015-03-13
802,0.0,0.0,0.0,0.0,0.0,0.0,0.0,2015-03-14
803,0.0,0.0,0.0,0.0,0.0,0.0,0.0,2015-03-15
804,0.0,0.0,0.0,0.0,0.0,0.0,0.0,2015-03-16
805,0.0,0.0,0.0,1.0,0.0,0.0,0.0,2015-03-17
806,0.0,0.0,0.0,0.0,0.0,0.0,0.0,2015-03-18
807,0.0,0.0,0.0,0.0,0.0,0.0,0.0,2015-03-19
808,0.0,0.0,0.0,0.0,0.0,0.0,0.0,2015-03-20
809,0.0,0.0,0.0,0.0,0.0,0.0,0.0,2015-03-21
810,0.0,0.0,0.0,0.0,0.0,0.0,0.0,2015-03-22
811,0.0,0.0,0.0,0.0,0.0,0.0,0.0,2015-03-23
812,0.0,0.0,0.0,0.0,0.0,0.0,0.0,2015-03-24
813,0.0,0.0,0.0,0.0,0.0,0.0,0.0,2015-03-25
814,0.0,0.0,0.0,0.0,0.0,1.0,0.0,2015-03-26
815,1.0,1.0,0.0,1.0,0.0,1.0,1.0,2015-03-27
816,1.0,1.0,0.0,1.0,0.0,1.0,1.0,2015-03-28
817,0.0,0.0,0.0,0.0,0.0,0.0,0.0,2015-03-29
818,0.0,0.0,1.0,0.0,0.0,0.0,1.0,2015-03-30
819,0.0,0.0,1.0,0.0,0.0,0.0,1.0,2015-03-31
820,0.0,0.0,0.0,0.0,0.0,0.0,0.0,2015-04-01
821,0.0,0.0,1.0,0.0,0.0,1.0,0.0,2015-04-02
822,0.0,0.0,1.0,0.0,0.0,1.0,0.0,2015-04-03
823,0.0,0.0,0.0,0.0,0.0,0.0,0.0,2015-04-04
824,0.0,0.0,0.0,0.0,0.0,0.0,0.0,2015-04-05
825,0.0,0.0,0.0,0.0,0.0,0.0,0.0,2015-04-06
826,0.0,0.0,0.0,0.0,0.0,0.0,1.0,2015-04-07
827,0.0,0.0,1.0,1.0,0.0,1.0,0.0,2015-04-08
828,0.0,0.0,1.0,1.0,0.0,1.0,0.0,2015-04-09
829,0.0,1.0,1.0,1.0,0.0,1.0,1.0,2015-04-10
830,0.0,0.0,0.0,0.0,0.0,0.0,0.0,2015-04-11
831,0.0,0.0,0.0,0.0,0.0,0.0,0.0,2015-04-12
832,0.0,1.0,1.0,1.0,1.0,1.0,1.0,2015-04-13
833,1.0,1.0,1.0,1.0,1.0,1.0,1.0,2015-04-14
834,1.0,1.0,1.0,1.0,1.0,1.0,1.0,2015-04-15
835,0.0,0.0,0.0,1.0,0.0,1.0,1.0,2015-04-16
836,0.0,0.0,0.0,0.0,0.0,0.0,1.0,2015-04-17
837,0.0,0.0,0.0,0.0,0.0,0.0,1.0,2015-04-18
838,0.0,0.0,0.0,0.0,0.0,0.0,0.0,2015-04-19
839,0.0,0.0,0.0,0.0,0.0,0.0,0.0,2015-04-20
840,0.0,0.0,0.0,0.0,0.0,0.0,0.0,2015-04-21
841,0.0,0.0,0.0,1.0,0.0,1.0,1.0,2015-04-22
842,0.0,0.0,0.0,0.0,0.0,1.0,1.0,2015-04-23
843,0.0,0.0,0.0,0.0,0.0,1.0,1.0,2015-04-24
844,0.0,0.0,0.0,0.0,0.0,0.0,0.0,2015-04-25
845,0.0,0.0,0.0,0.0,0.0,0.0,0.0,2015-04-26
846,0.0,0.0,0.0,0.0,0.0,0.0,0.0,2015-04-27
847,0.0,0.0,0.0,0.0,0.0,0.0,0.0,2015-04-28
848,0.0,0.0,0.0,0.0,0.0,0.0,0.0,2015-04-29
849,0.0,0.0,0.0,0.0,0.0,0.0,0.0,2015-04-30
850,0.0,0.0,0.0,0.0,0.0,0.0,0.0,2015-05-01
851,0.0,0.0,0.0,0.0,0.0,0.0,0.0,2015-05-02
852,0.0,0.0,0.0,0.0,0.0,0.0,0.0,2015-05-03
853,0.0,0.0,0.0,0.0,0.0,0.0,1.0,2015-05-04
854,0.0,0.0,1.0,1.0,0.0,1.0,1.0,2015-05-05
855,0.0,0.0,1.0,1.0,0.0,1.0,1.0,2015-05-06
856,0.0,0.0,0.0,0.0,0.0,1.0,1.0,2015-05-07
857,0.0,0.0,0.0,0.0,0.0,1.0,0.0,2015-05-08
858,0.0,0.0,0.0,0.0,0.0,1.0,0.0,2015-05-09
859,0.0,0.0,0.0,0.0,0.0,0.0,0.0,2015-05-10
860,1.0,1.0,1.0,0.0,0.0,1.0,0.0,2015-05-11
861,1.0,1.0,1.0,0.0,0.0,1.0,0.0,2015-05-12
862,0.0,1.0,0.0,0.0,0.0,1.0,0.0,2015-05-13
863,0.0,0.0,0.0,0.0,0.0,1.0,1.0,2015-05-14
864,0.0,0.0,0.0,0.0,0.0,1.0,1.0,2015-05-15
865,0.0,0.0,0.0,0.0,0.0,0.0,0.0,2015-05-16
866,0.0,0.0,1.0,0.0,0.0,0.0,0.0,2015-05-17
867,0.0,0.0,1.0,0.0,0.0,0.0,0.0,2015-05-18
868,0.0,0.0,0.0,0.0,0.0,1.0,1.0,2015-05-19
869,0.0,0.0,0.0,0.0,0.0,0.0,0.0,2015-05-20
870,0.0,0.0,0.0,0.0,0.0,0.0,0.0,2015-05-21
871,0.0,0.0,0.0,0.0,0.0,0.0,0.0,2015-05-22
872,0.0,0.0,0.0,0.0,0.0,0.0,0.0,2015-05-23
873,0.0,0.0,0.0,0.0,0.0,0.0,0.0,2015-05-24
874,0.0,0.0,1.0,0.0,0.0,1.0,1.0,2015-05-25
875,0.0,0.0,0.0,0.0,0.0,0.0,0.0,2015-05-26
876,0.0,0.0,0.0,0.0,0.0,0.0,0.0,2015-05-27
877,0.0,0.0,0.0,0.0,0.0,0.0,0.0,2015-05-28
878,1.0,0.0,1.0,0.0,0.0,1.0,1.0,2015-05-29
879,1.0,0.0,1.0,0.0,0.0,1.0,1.0,2015-05-30
880,0.0,0.0,0.0,0.0,0.0,0.0,0.0,2015-05-31
881,0.0,0.0,0.0,0.0,0.0,0.0,0.0,2015-06-01
882,0.0,0.0,0.0,0.0,0.0,0.0,0.0,2015-06-02
883,1.0,1.0,1.0,1.0,0.0,1.0,1.0,2015-06-03
884,1.0,1.0,1.0,1.0,1.0,1.0,1.0,2015-06-04
885,1.0,1.0,1.0,1.0,1.0,1.0,1.0,2015-06-05
886,1.0,0.0,1.0,1.0,0.0,0.0,0.0,2015-06-06
887,0.0,0.0,1.0,0.0,0.0,0.0,0.0,2015-06-07
888,0.0,0.0,1.0,0.0,0.0,0.0,0.0,2015-06-08
889,1.0,0.0,1.0,0.0,1.0,1.0,1.0,2015-06-09
890,0.0,0.0,0.0,0.0,1.0,0.0,1.0,2015-06-10
891,0.0,0.0,0.0,0.0,1.0,0.0,1.0,2015-06-11
892,0.0,0.0,0.0,0.0,0.0,0.0,1.0,2015-06-12
893,0.0,0.0,0.0,0.0,0.0,0.0,0.0,2015-06-13
894,0.0,0.0,0.0,0.0,0.0,0.0,0.0,2015-06-14
895,0.0,0.0,0.0,0.0,0.0,0.0,0.0,2015-06-15
896,0.0,0.0,0.0,0.0,0.0,0.0,0.0,2015-06-16
897,0.0,0.0,0.0,0.0,0.0,0.0,0.0,2015-06-17
898,0.0,0.0,0.0,0.0,0.0,0.0,1.0,2015-06-18
899,0.0,0.0,0.0,0.0,0.0,1.0,1.0,2015-06-19
900,0.0,0.0,0.0,0.0,0.0,1.0,1.0,2015-06-20
901,0.0,0.0,0.0,0.0,0.0,0.0,0.0,2015-06-21
902,0.0,0.0,0.0,0.0,0.0,0.0,0.0,2015-06-22
903,0.0,0.0,0.0,0.0,0.0,0.0,0.0,2015-06-23
904,0.0,0.0,0.0,0.0,0.0,0.0,0.0,2015-06-24
905,0.0,0.0,0.0,0.0,0.0,0.0,0.0,2015-06-25
906,0.0,0.0,0.0,0.0,0.0,0.0,0.0,2015-06-26
907,0.0,0.0,0.0,0.0,0.0,0.0,0.0,2015-06-27
908,0.0,0.0,0.0,0.0,0.0,0.0,0.0,2015-06-28
909,0.0,0.0,0.0,0.0,0.0,0.0,0.0,2015-06-29
910,1.0,0.0,1.0,1.0,0.0,1.0,1.0,2015-06-30
911,0.0,1.0,1.0,0.0,0.0,1.0,1.0,2015-07-01
912,0.0,1.0,1.0,0.0,0.0,1.0,1.0,2015-07-02
913,1.0,1.0,1.0,0.0,0.0,1.0,1.0,2015-07-03
914,1.0,0.0,0.0,0.0,0.0,1.0,1.0,2015-07-04
915,1.0,0.0,0.0,0.0,0.0,1.0,1.0,2015-07-05
916,1.0,1.0,1.0,1.0,1.0,1.0,1.0,2015-07-06
917,0.0,1.0,1.0,0.0,1.0,1.0,1.0,2015-07-07
918,0.0,1.0,1.0,0.0,1.0,1.0,1.0,2015-07-08
919,0.0,0.0,0.0,0.0,0.0,0.0,0.0,2015-07-09
920,0.0,0.0,0.0,0.0,0.0,1.0,0.0,2015-07-10
921,0.0,0.0,0.0,0.0,0.0,1.0,0.0,2015-07-11
922,0.0,0.0,0.0,0.0,0.0,1.0,0.0,2015-07-12
923,0.0,0.0,0.0,0.0,0.0,0.0,0.0,2015-07-13
924,0.0,0.0,0.0,0.0,0.0,0.0,0.0,2015-07-14
925,0.0,0.0,1.0,1.0,0.0,1.0,1.0,2015-07-15
926,0.0,1.0,1.0,1.0,1.0,1.0,1.0,2015-07-16
927,0.0,1.0,1.0,1.0,1.0,1.0,1.0,2015-07-17
928,0.0,0.0,0.0,0.0,0.0,0.0,0.0,2015-07-18
929,0.0,0.0,0.0,0.0,0.0,0.0,0.0,2015-07-19
930,0.0,0.0,0.0,0.0,0.0,0.0,0.0,2015-07-20
931,0.0,0.0,0.0,0.0,0.0,1.0,0.0,2015-07-21
932,0.0,0.0,1.0,0.0,0.0,1.0,0.0,2015-07-22
933,0.0,0.0,1.0,0.0,0.0,1.0,0.0,2015-07-23
934,0.0,0.0,0.0,0.0,0.0,0.0,0.0,2015-07-24
935,0.0,0.0,1.0,0.0,0.0,0.0,0.0,2015-07-25
936,0.0,0.0,1.0,0.0,0.0,0.0,0.0,2015-07-26
937,0.0,0.0,0.0,0.0,0.0,0.0,0.0,2015-07-27
938,0.0,0.0,0.0,0.0,0.0,0.0,0.0,2015-07-28
939,0.0,0.0,0.0,0.0,0.0,0.0,0.0,2015-07-29
940,0.0,0.0,0.0,0.0,0.0,0.0,0.0,2015-07-30
941,0.0,0.0,0.0,0.0,0.0,1.0,0.0,2015-07-31
942,0.0,0.0,0.0,0.0,0.0,1.0,0.0,2015-08-01
943,0.0,0.0,0.0,0.0,0.0,0.0,0.0,2015-08-02
944,0.0,0.0,0.0,0.0,0.0,0.0,0.0,2015-08-03
945,0.0,0.0,0.0,0.0,0.0,0.0,0.0,2015-08-04
946,0.0,0.0,0.0,0.0,0.0,1.0,1.0,2015-08-05
947,0.0,0.0,0.0,0.0,0.0,1.0,0.0,2015-08-06
948,0.0,0.0,0.0,0.0,0.0,1.0,0.0,2015-08-07
949,0.0,0.0,0.0,0.0,0.0,0.0,0.0,2015-08-08
950,0.0,0.0,0.0,0.0,0.0,0.0,0.0,2015-08-09
951,0.0,0.0,0.0,0.0,0.0,0.0,0.0,2015-08-10
952,0.0,0.0,0.0,0.0,0.0,1.0,0.0,2015-08-11
953,0.0,0.0,0.0,0.0,0.0,1.0,0.0,2015-08-12
954,0.0,0.0,0.0,0.0,0.0,1.0,0.0,2015-08-13
955,0.0,0.0,0.0,0.0,0.0,0.0,0.0,2015-08-14
956,0.0,0.0,0.0,0.0,0.0,0.0,0.0,2015-08-15
957,0.0,0.0,0.0,0.0,0.0,0.0,0.0,2015-08-16
958,0.0,0.0,0.0,0.0,0.0,0.0,0.0,2015-08-17
959,0.0,0.0,0.0,0.0,0.0,0.0,0.0,2015-08-18
960,0.0,0.0,0.0,0.0,0.0,0.0,0.0,2015-08-19
961,0.0,0.0,0.0,0.0,0.0,0.0,0.0,2015-08-20
962,0.0,0.0,0.0,0.0,0.0,0.0,0.0,2015-08-21
963,0.0,0.0,0.0,0.0,0.0,0.0,0.0,2015-08-22
964,0.0,0.0,0.0,0.0,0.0,0.0,0.0,2015-08-23
965,0.0,0.0,0.0,0.0,0.0,0.0,0.0,2015-08-24
966,0.0,0.0,0.0,0.0,0.0,0.0,0.0,2015-08-25
967,0.0,0.0,0.0,0.0,0.0,0.0,0.0,2015-08-26
968,0.0,0.0,0.0,0.0,0.0,0.0,0.0,2015-08-27
969,0.0,0.0,0.0,0.0,0.0,0.0,0.0,2015-08-28
970,0.0,0.0,0.0,0.0,0.0,0.0,0.0,2015-08-29
971,0.0,0.0,0.0,0.0,0.0,0.0,0.0,2015-08-30
972,0.0,0.0,0.0,0.0,0.0,0.0,0.0,2015-08-31
973,0.0,0.0,0.0,0.0,0.0,0.0,0.0,2015-09-01
974,0.0,0.0,0.0,0.0,0.0,0.0,0.0,2015-09-02
975,0.0,0.0,0.0,0.0,0.0,0.0,0.0,2015-09-03
976,0.0,0.0,0.0,0.0,0.0,0.0,1.0,2015-09-04
977,0.0,0.0,0.0,0.0,0.0,0.0,0.0,2015-09-05
978,0.0,0.0,0.0,0.0,0.0,0.0,0.0,2015-09-06
979,0.0,0.0,0.0,0.0,0.0,0.0,0.0,2015-09-07
980,0.0,0.0,0.0,0.0,0.0,0.0,0.0,2015-09-08
981,0.0,0.0,0.0,0.0,0.0,0.0,0.0,2015-09-09
982,0.0,0.0,0.0,0.0,0.0,0.0,1.0,2015-09-10
983,0.0,0.0,0.0,0.0,0.0,0.0,0.0,2015-09-11
984,0.0,0.0,0.0,0.0,0.0,0.0,0.0,2015-09-12
985,0.0,0.0,0.0,0.0,0.0,0.0,0.0,2015-09-13
986,0.0,0.0,0.0,0.0,0.0,0.0,0.0,2015-09-14
987,0.0,0.0,0.0,0.0,0.0,0.0,0.0,2015-09-15
988,0.0,0.0,0.0,0.0,0.0,0.0,0.0,2015-09-16
989,0.0,0.0,0.0,0.0,0.0,0.0,0.0,2015-09-17
990,0.0,0.0,0.0,0.0,0.0,0.0,0.0,2015-09-18
991,0.0,0.0,0.0,0.0,0.0,0.0,0.0,2015-09-19
992,0.0,0.0,0.0,0.0,0.0,0.0,0.0,2015-09-20
993,0.0,0.0,0.0,0.0,0.0,0.0,0.0,2015-09-21
994,0.0,1.0,0.0,0.0,0.0,0.0,0.0,2015-09-22
995,0.0,1.0,0.0,0.0,0.0,0.0,0.0,2015-09-23
996,0.0,1.0,0.0,0.0,0.0,0.0,0.0,2015-09-24
997,0.0,0.0,0.0,0.0,0.0,1.0,1.0,2015-09-25
998,0.0,0.0,0.0,0.0,0.0,0.0,0.0,2015-09-26
999,0.0,0.0,0.0,0.0,0.0,0.0,0.0,2015-09-27
1000,0.0,0.0,0.0,0.0,0.0,0.0,0.0,2015-09-28
1001,0.0,0.0,0.0,0.0,0.0,0.0,0.0,2015-09-29
1002,0.0,0.0,0.0,0.0,0.0,0.0,0.0,2015-09-30
1003,0.0,0.0,0.0,0.0,0.0,1.0,1.0,2015-10-01
1004,0.0,0.0,0.0,0.0,0.0,0.0,1.0,2015-10-02
1005,0.0,0.0,0.0,0.0,0.0,0.0,1.0,2015-10-03
1006,0.0,0.0,0.0,0.0,0.0,0.0,0.0,2015-10-04
1007,0.0,0.0,0.0,0.0,0.0,1.0,1.0,2015-10-05
1008,0.0,0.0,0.0,0.0,0.0,1.0,1.0,2015-10-06
1009,0.0,0.0,0.0,0.0,0.0,0.0,0.0,2015-10-07
1010,0.0,0.0,0.0,0.0,0.0,0.0,0.0,2015-10-08
1011,0.0,0.0,0.0,0.0,0.0,0.0,0.0,2015-10-09
1012,0.0,0.0,0.0,0.0,0.0,0.0,0.0,2015-10-10
1013,0.0,0.0,0.0,0.0,0.0,0.0,0.0,2015-10-11
1014,0.0,0.0,0.0,0.0,0.0,0.0,0.0,2015-10-12
1015,0.0,0.0,0.0,0.0,0.0,0.0,0.0,2015-10-13
1016,0.0,0.0,0.0,0.0,0.0,0.0,0.0,2015-10-14
1017,0.0,0.0,0.0,0.0,0.0,0.0,0.0,2015-10-15
1018,0.0,0.0,0.0,1.0,0.0,0.0,1.0,2015-10-16
1019,0.0,0.0,0.0,0.0,0.0,0.0,0.0,2015-10-17
1020,0.0,0.0,0.0,0.0,0.0,0.0,0.0,2015-10-18
1021,0.0,0.0,0.0,0.0,0.0,0.0,0.0,2015-10-19
1022,0.0,0.0,0.0,0.0,0.0,0.0,0.0,2015-10-20
1023,0.0,0.0,0.0,0.0,0.0,0.0,0.0,2015-10-21
1024,1.0,1.0,0.0,1.0,1.0,1.0,1.0,2015-10-22
1025,1.0,0.0,0.0,0.0,0.0,1.0,0.0,2015-10-23
1026,1.0,0.0,0.0,0.0,0.0,1.0,0.0,2015-10-24
1027,0.0,0.0,0.0,0.0,0.0,0.0,0.0,2015-10-25
1028,0.0,0.0,0.0,0.0,0.0,0.0,1.0,2015-10-26
1029,0.0,0.0,0.0,0.0,0.0,0.0,1.0,2015-10-27
1030,0.0,0.0,0.0,0.0,0.0,0.0,0.0,2015-10-28
1031,1.0,1.0,0.0,0.0,1.0,1.0,1.0,2015-10-29
1032,1.0,1.0,0.0,0.0,1.0,1.0,1.0,2015-10-30
1033,0.0,0.0,0.0,0.0,0.0,0.0,0.0,2015-10-31
1034,0.0,0.0,0.0,0.0,0.0,0.0,0.0,2015-11-01
1035,0.0,0.0,0.0,0.0,0.0,0.0,0.0,2015-11-02
1036,0.0,0.0,0.0,0.0,0.0,1.0,1.0,2015-11-03
1037,1.0,0.0,0.0,0.0,0.0,1.0,0.0,2015-11-04
1038,1.0,0.0,0.0,0.0,0.0,1.0,0.0,2015-11-05
1039,1.0,1.0,1.0,0.0,0.0,1.0,1.0,2015-11-06
1040,0.0,0.0,0.0,0.0,0.0,1.0,0.0,2015-11-07
1041,0.0,0.0,0.0,0.0,0.0,1.0,0.0,2015-11-08
1042,1.0,0.0,0.0,0.0,0.0,1.0,0.0,2015-11-09
1043,1.0,0.0,0.0,0.0,0.0,1.0,1.0,2015-11-10
1044,1.0,0.0,0.0,0.0,0.0,1.0,1.0,2015-11-11
1045,0.0,0.0,0.0,0.0,0.0,0.0,0.0,2015-11-12
1046,0.0,0.0,0.0,0.0,0.0,0.0,0.0,2015-11-13
1047,0.0,0.0,0.0,0.0,0.0,0.0,0.0,2015-11-14
1048,1.0,0.0,0.0,0.0,0.0,1.0,1.0,2015-11-15
1049,1.0,0.0,0.0,0.0,0.0,1.0,1.0,2015-11-16
1050,1.0,0.0,0.0,0.0,0.0,1.0,1.0,2015-11-17
1051,1.0,1.0,1.0,1.0,1.0,1.0,1.0,2015-11-18
1052,1.0,1.0,1.0,1.0,1.0,1.0,1.0,2015-11-19
1053,1.0,1.0,1.0,1.0,1.0,1.0,1.0,2015-11-20
1054,0.0,0.0,0.0,0.0,0.0,0.0,0.0,2015-11-21
1055,0.0,0.0,0.0,0.0,0.0,0.0,0.0,2015-11-22
1056,0.0,0.0,0.0,0.0,0.0,0.0,0.0,2015-11-23
1057,0.0,0.0,1.0,1.0,0.0,1.0,0.0,2015-11-24
1058,1.0,1.0,1.0,0.0,0.0,1.0,1.0,2015-11-25
1059,1.0,1.0,1.0,0.0,0.0,1.0,1.0,2015-11-26
1060,1.0,0.0,1.0,1.0,1.0,1.0,1.0,2015-11-27
1061,1.0,0.0,0.0,0.0,0.0,1.0,1.0,2015-11-28
1062,1.0,0.0,0.0,0.0,0.0,1.0,1.0,2015-11-29
1063,1.0,1.0,1.0,1.0,1.0,1.0,1.0,2015-11-30
1064,1.0,1.0,1.0,1.0,1.0,1.0,1.0,2015-12-01
1065,1.0,1.0,1.0,1.0,1.0,1.0,1.0,2015-12-02
1066,0.0,0.0,0.0,1.0,0.0,1.0,1.0,2015-12-03
1067,1.0,1.0,1.0,0.0,1.0,1.0,1.0,2015-12-04
1068,1.0,1.0,1.0,0.0,1.0,1.0,1.0,2015-12-05
1069,1.0,0.0,0.0,0.0,0.0,0.0,0.0,2015-12-06
1070,1.0,0.0,0.0,0.0,0.0,1.0,0.0,2015-12-07
1071,1.0,0.0,0.0,0.0,0.0,1.0,0.0,2015-12-08
1072,0.0,0.0,0.0,1.0,1.0,0.0,0.0,2015-12-09
1073,1.0,1.0,0.0,0.0,0.0,1.0,0.0,2015-12-10
1074,1.0,1.0,0.0,0.0,0.0,1.0,0.0,2015-12-11
1075,0.0,0.0,0.0,0.0,0.0,0.0,0.0,2015-12-12
1076,0.0,0.0,0.0,0.0,0.0,0.0,0.0,2015-12-13
1077,0.0,0.0,0.0,0.0,0.0,0.0,0.0,2015-12-14
1078,1.0,0.0,1.0,1.0,1.0,0.0,1.0,2015-12-15
1079,1.0,1.0,1.0,1.0,1.0,1.0,1.0,2015-12-16
1080,1.0,1.0,1.0,1.0,1.0,1.0,1.0,2015-12-17
1081,1.0,1.0,0.0,1.0,1.0,1.0,1.0,2015-12-18
1082,0.0,0.0,0.0,0.0,0.0,0.0,0.0,2015-12-19
1083,0.0,0.0,0.0,0.0,0.0,0.0,0.0,2015-12-20
1084,0.0,0.0,0.0,0.0,0.0,0.0,0.0,2015-12-21
1085,1.0,0.0,0.0,0.0,0.0,1.0,0.0,2015-12-22
1086,1.0,0.0,0.0,0.0,0.0,1.0,0.0,2015-12-23
1087,0.0,0.0,0.0,0.0,0.0,0.0,0.0,2015-12-24
1088,1.0,0.0,0.0,0.0,0.0,1.0,0.0,2015-12-25
1089,1.0,0.0,0.0,0.0,0.0,1.0,0.0,2015-12-26
1090,0.0,0.0,0.0,0.0,0.0,0.0,0.0,2015-12-27
1091,1.0,1.0,0.0,1.0,1.0,1.0,1.0,2015-12-28
1092,1.0,1.0,0.0,1.0,1.0,1.0,1.0,2015-12-29
1093,1.0,1.0,0.0,1.0,0.0,1.0,0.0,2015-12-30
1094,0.0,1.0,0.0,0.0,0.0,0.0,0.0,2015-12-31
